,source,year,stationId,persId,choir
0,NBG_1844,1843.0,Genadendal,Teutsch_CL,V
1,NBG_1844,1843.0,Genadendal,Teutsch_M,V
2,NBG_1844,1843.0,Genadendal,Kölbing_CR,V
3,NBG_1844,1843.0,Genadendal,Kölbing_BE,V
4,NBG_1844,1843.0,Genadendal,Sondermann_CG,V
5,NBG_1844,1843.0,Genadendal,Sondermann_AS,V
6,NBG_1844,1843.0,Genadendal,Brauer_PH,V
7,NBG_1844,1843.0,Genadendal,Brauer_XX,V
8,NBG_1844,1843.0,Genadendal,Gysin_S,V
9,NBG_1844,1843.0,Genadendal,Gysin_C,V
10,NBG_1844,1843.0,Genadendal,Heinrich_JF,V
11,NBG_1844,1843.0,Genadendal,Heinrich_ME,V
12,NBG_1844,1843.0,Genadendal,Hallbeck_JC,W
13,NBG_1844,1843.0,Genadendal,Schärf_CG,L
14,NBG_1844,1843.0,Mamre,Lehmann_J,V
15,NBG_1844,1843.0,Mamre,Lehmann_FD,V
16,NBG_1844,1843.0,Mamre,Franke_CF,V
17,NBG_1844,1843.0,Mamre,Franke_TC,V
18,NBG_1844,1843.0,Mamre,Christensen_S,V
19,NBG_1844,1843.0,Mamre,Christensen_HW,V
20,NBG_1844,1843.0,HemelEnAarde,Fritsch_J,W
21,NBG_1844,1843.0,Enon,Schopmann_HB,V
22,NBG_1844,1843.0,Enon,Schopmann_HMA,V
23,NBG_1844,1843.0,Enon,Stolz_JWA,V
24,NBG_1844,1843.0,Enon,Stolz_MSC,V
25,NBG_1844,1843.0,Elim,Genth_WC,V
26,NBG_1844,1843.0,Elim,Genth_MF,V
27,NBG_1844,1843.0,Elim,Luttringshauser_D,V
28,NBG_1844,1843.0,Elim,Luttringshauser_CE,V
29,NBG_1844,1843.0,Elim,deFries_JA,V
30,NBG_1844,1843.0,Elim,deFries_AE,V
31,NBG_1844,1843.0,Elim,Meyer_XX,W
32,NBG_1844,1843.0,Silo,Kschieschang_EH,V
33,NBG_1844,1843.0,Silo,Lemmerz_A,V
34,NBG_1844,1843.0,Silo,Lemmerz_J,V
35,NBG_1844,1843.0,Silo,Kschieschang_LW,V
36,NBG_1844,1843.0,Silo,Bonatz_JA,W
37,NBG_1844,1843.0,Clarkson,Nauhaus_CF,V
38,NBG_1844,1843.0,Clarkson,Nauhaus_DSC,V
39,NBG_1844,1843.0,Clarkson,Küster_CA,V
40,NBG_1844,1843.0,Clarkson,Küster_WC,V
41,NBG_1840,1839.0,Genadendal,Hallbeck_HP,V
42,NBG_1840,1839.0,Genadendal,Hallbeck_JC,V
43,NBG_1840,1839.0,Genadendal,Lemmerz_A,V
44,NBG_1840,1839.0,Genadendal,Lemmerz_J,V
45,NBG_1840,1839.0,Genadendal,Stein_JJF,V
46,NBG_1840,1839.0,Genadendal,Stein_AL,V
47,NBG_1840,1839.0,Genadendal,Sondermann_CG,V
48,NBG_1840,1839.0,Genadendal,Sondermann_AS,V
49,NBG_1840,1839.0,Genadendal,Brauer_PH,V
50,NBG_1840,1839.0,Genadendal,Brauer_XX,V
51,NBG_1840,1839.0,Genadendal,Schopmann_HB,V
52,NBG_1840,1839.0,Genadendal,Schopmann_HMA,V
53,NBG_1840,1839.0,Genadendal,Franke_CF,V
54,NBG_1840,1839.0,Genadendal,Franke_TC,V
55,NBG_1840,1839.0,Genadendal,Küster_CA,L
56,NBG_1840,1839.0,Genadendal,Kohrhammer_XX,W
57,NBG_1840,1839.0,Genadendal,Hallbeck_G_XX,L
58,NBG_1840,1839.0,Mamre,Teutsch_XX,V
59,NBG_1840,1839.0,Mamre,Teutsch_XY,V
60,NBG_1840,1839.0,Mamre,Lehmann_XX,V
61,NBG_1840,1839.0,Mamre,Lehmann_XY,V
62,NBG_1840,1839.0,Mamre,deFries_XX,V
63,NBG_1840,1839.0,Mamre,deFries_XY,V
64,NBG_1840,1839.0,Mamre,Christensen_XX,V
65,NBG_1840,1839.0,Mamre,Christensen_XY,V
66,NBG_1840,1839.0,HemelEnAarde,Fritsch_J_XX,V
67,NBG_1840,1839.0,HemelEnAarde,Fritsch_J_XY,V
68,NBG_1840,1839.0,Enon,Hofmann_XX,V
69,NBG_1840,1839.0,Enon,Hofmann_XY,V
70,NBG_1840,1839.0,Enon,Halter_XX,W
71,NBG_1840,1839.0,Elim,Genth_XX,V
72,NBG_1840,1839.0,Elim,Genth_XY,V
73,NBG_1840,1839.0,Elim,Luttringshauser_XX,V
74,NBG_1840,1839.0,Elim,Luttringshauser_XY,V
75,NBG_1840,1839.0,Elim,Meyer_HJ_XX,V
76,NBG_1840,1839.0,Elim,Meyer_HJ_XY,V
77,NBG_1840,1839.0,Silo,Bonatz_XX,V
78,NBG_1840,1839.0,Silo,Bonatz_XY,V
79,NBG_1840,1839.0,Silo,Stolz_XX,V
80,NBG_1840,1839.0,Silo,Stolz_XY,V
81,NBG_1840,1839.0,Clarkson,Nauhaus_XX,V
82,NBG_1840,1839.0,Clarkson,Nauhaus_XY,V
83,NBG_1840,1839.0,Clarkson,Küster_A_XX,V
84,NBG_1840,1839.0,Clarkson,Küster_A_XY,V
85,,,,,
86,NBG_1841,1840.0,Genadendal,Hallbeck_XX,V
87,NBG_1841,1840.0,Genadendal,Hallbeck_XY,V
88,NBG_1841,1840.0,Genadendal,Sondermann_XX,V
89,NBG_1841,1840.0,Genadendal,Sondermann_XY,V
90,NBG_1841,1840.0,Genadendal,Brauer_XX,V
91,NBG_1841,1840.0,Genadendal,Brauer_XY,V
92,NBG_1841,1840.0,Genadendal,Schoppmann_XX,V
93,NBG_1841,1840.0,Genadendal,Schoppmann_XY,V
94,NBG_1841,1840.0,Genadendal,deFries_XX,V
95,NBG_1841,1840.0,Genadendal,deFries_XY,V
96,NBG_1841,1840.0,Genadendal,Gysin_XX,V
97,NBG_1841,1840.0,Genadendal,Gysin_XY,V
98,NBG_1841,1840.0,Genadendal,Hallbeck_G_XX,L
99,NBG_1841,1840.0,Mamre,Teutsch_XX,V
100,NBG_1841,1840.0,Mamre,Teutsch_XY,V
101,NBG_1841,1840.0,Mamre,Lehmann_XX,V
102,NBG_1841,1840.0,Mamre,Lehmann_XY,V
103,NBG_1841,1840.0,Mamre,Franke_XX,V
104,NBG_1841,1840.0,Mamre,Franke_XY,V
105,NBG_1841,1840.0,Mamre,Christensen_XX,V
106,NBG_1841,1840.0,Mamre,Christensen_XY,V
107,NBG_1841,1840.0,HemelEnAarde,Fritsch_J_XX,V
108,NBG_1841,1840.0,HemelEnAarde,Fritsch_J_XY,V
109,NBG_1841,1840.0,Enon,Lemmerz_XX,V
110,NBG_1841,1840.0,Enon,Lemmerz_XY,V
111,NBG_1841,1840.0,Enon,Hofmann_XX,V
112,NBG_1841,1840.0,Enon,Hofmann_XY,V
113,NBG_1841,1840.0,Enon,Halter_XX,W
114,NBG_1841,1840.0,Elim,Genth_XX,V
115,NBG_1841,1840.0,Elim,Genth_XY,V
116,NBG_1841,1840.0,Elim,Luttringshauser_XX,V
117,NBG_1841,1840.0,Elim,Luttringshauser_XY,V
118,NBG_1841,1840.0,Elim,Meyer_H_XX,V
119,NBG_1841,1840.0,Elim,Meyer_H_XY,V
120,NBG_1841,1840.0,Silo,Bonatz_XX,V
121,NBG_1841,1840.0,Silo,Bonatz_XY,V
122,NBG_1841,1840.0,Silo,Stolz_XX,V
123,NBG_1841,1840.0,Silo,Stolz_XY,V
124,NBG_1841,1840.0,Silo,Küster_T_XY,L
125,NBG_1841,1840.0,Clarkson,Nauhaus_XX,V
126,NBG_1841,1840.0,Clarkson,Nauhaus_XY,V
127,NBG_1841,1840.0,Clarkson,Küster_A_XX,V
128,NBG_1841,1840.0,Clarkson,Küster_A_XY,V
129,,,,,
130,NBG_1829,1828.0,Neuherrnhut_GRL,Lehmann_XX,V
131,NBG_1829,1828.0,Neuherrnhut_GRL,Lehmann_XY,V
132,NBG_1829,1828.0,Neuherrnhut_GRL,Grillich_XX,V
133,NBG_1829,1828.0,Neuherrnhut_GRL,Grillich_XY,V
134,NBG_1829,1828.0,Neuherrnhut_GRL,Tietzen_XY,L
135,NBG_1829,1828.0,Neuherrnhut_GRL,Ulbricht_XY,L
136,NBG_1829,1828.0,Lichtenfels,Eberle_XX,V
137,NBG_1829,1828.0,Lichtenfels,Eberle_XY,V
138,NBG_1829,1828.0,Lichtenfels,Popp_XX,V
139,NBG_1829,1828.0,Lichtenfels,Popp_XY,V
140,NBG_1829,1828.0,Lichtenfels,Kögel_XY,L
141,NBG_1829,1828.0,Lichtenau,Müller_XX,V
142,NBG_1829,1828.0,Lichtenau,Müller_XY,V
143,NBG_1829,1828.0,Lichtenau,Ihrer_XX,V
144,NBG_1829,1828.0,Lichtenau,Ihrer_XY,V
145,NBG_1829,1828.0,Lichtenau,Baus_XY,L
146,NBG_1829,1828.0,Friedrichsthal,Kleinschmidt_XX,V
147,NBG_1829,1828.0,Friedrichsthal,Kleinschmidt_XY,V
148,NBG_1829,1828.0,Friedrichsthal,Mehlhose_XX,V
149,NBG_1829,1828.0,Friedrichsthal,Mehlhose_XY,V
150,NBG_1829,1828.0,Friedrichsthal,deFries_XY,L
151,NBG_1829,1828.0,Nain,Müller_XX,V
152,NBG_1829,1828.0,Nain,Müller_XY,V
153,NBG_1829,1828.0,Nain,Meisner_XX,V
154,NBG_1829,1828.0,Nain,Meisner_XY,V
155,NBG_1829,1828.0,Nain,Mohrhardt_XX,V
156,NBG_1829,1828.0,Nain,Mohrhardt_XY,V
157,NBG_1829,1828.0,Nain,Henn_XX,V
158,NBG_1829,1828.0,Nain,Henn_XY,V
159,NBG_1829,1828.0,Nain,Herzberg_XY,L
160,NBG_1829,1828.0,Nain,Menzel_XY,L
161,NBG_1829,1828.0,Hoffenthal,Lundberg_XX,V
162,NBG_1829,1828.0,Hoffenthal,Lundberg_XY,V
163,NBG_1829,1828.0,Hoffenthal,Stock_XX,V
164,NBG_1829,1828.0,Hoffenthal,Stock_XY,V
165,NBG_1829,1828.0,Hoffenthal,Kunath_XX,V
166,NBG_1829,1828.0,Hoffenthal,Kunath_XY,V
167,NBG_1829,1828.0,Hoffenthal,Fritsche_XY,L
168,NBG_1829,1828.0,Okak,Stürmann_XX,V
169,NBG_1829,1828.0,Okak,Stürmann_XY,V
170,NBG_1829,1828.0,Okak,Knaus_XX,V
171,NBG_1829,1828.0,Okak,Knaus_XY,V
172,NBG_1829,1828.0,Okak,Kmoch_XX,V
173,NBG_1829,1828.0,Okak,Kmoch_XY,V
174,NBG_1829,1828.0,Okak,Beck_XY,L
175,NBG_1829,1828.0,Okak,Glitsch_XY,L
176,NBG_1829,1828.0,Okak,Körner_XY,L
177,NBG_1829,1828.0,NewFairfield,Luckenbach_XX,V
178,NBG_1829,1828.0,NewFairfield,Luckenbach_XY,V
179,NBG_1829,1828.0,NewFairfield,Hamann_XX,V
180,NBG_1829,1828.0,NewFairfield,Hamann_XY,V
181,NBG_1829,1828.0,Springplace,Byhan_XX,V
182,NBG_1829,1828.0,Springplace,Byhan_XY,V
183,NBG_1829,1828.0,Oochgelogy,Schmidt_XX,V
184,NBG_1829,1828.0,Oochgelogy,Schmidt_XY,V
185,NBG_1829,1828.0,Oochgelogy,Eder_XY,L
186,NBG_1829,1828.0,Oochgelogy,Gambold_XX,W
187,NBG_1829,1828.0,Neuherrnhut_ST,Sybrecht_XX,V
188,NBG_1829,1828.0,Neuherrnhut_ST,Sybrecht_XY,V
189,NBG_1829,1828.0,Neuherrnhut_ST,Junghans_XX,V
190,NBG_1829,1828.0,Neuherrnhut_ST,Junghans_XY,V
191,NBG_1829,1828.0,Neuherrnhut_ST,Staude_XX,V
192,NBG_1829,1828.0,Neuherrnhut_ST,Staude_XY,V
193,NBG_1829,1828.0,Neuherrnhut_ST,Keil_XY,L
194,NBG_1829,1828.0,Niesky_ST,Blitt_XX,V
195,NBG_1829,1828.0,Niesky_ST,Blitt_XY,V
196,NBG_1829,1828.0,Niesky_ST,Schindler_XX,V
197,NBG_1829,1828.0,Niesky_ST,Schindler_XY,V
198,NBG_1829,1828.0,Niesky_ST,Schmid_XX,V
199,NBG_1829,1828.0,Niesky_ST,Schmid_XY,V
200,NBG_1829,1828.0,Friedensthal_SC,Bönhof_XX,V
201,NBG_1829,1828.0,Friedensthal_SC,Bönhof_XY,V
202,NBG_1829,1828.0,Friedensthal_SC,Müller_XX,V
203,NBG_1829,1828.0,Friedensthal_SC,Müller_XY,V
204,NBG_1829,1828.0,Friedensthal_SC,Freytag_XX,V
205,NBG_1829,1828.0,Friedensthal_SC,Freytag_XY,V
206,NBG_1829,1828.0,Friedensberg_SC,Sparmeyer_XX,V
207,NBG_1829,1828.0,Friedensberg_SC,Sparmeyer_XY,V
208,NBG_1829,1828.0,Friedensberg_SC,Plättner_XX,V
209,NBG_1829,1828.0,Friedensberg_SC,Plättner_XY,V
210,NBG_1829,1828.0,Friedensberg_SC,Jung_XX,W
211,NBG_1829,1828.0,Friedensfeld_SC,Ebermann_XX,V
212,NBG_1829,1828.0,Friedensfeld_SC,Ebermann_XY,V
213,NBG_1829,1828.0,Friedensfeld_SC,Weber_XX,V
214,NBG_1829,1828.0,Friedensfeld_SC,Weber_XY,V
215,NBG_1829,1828.0,Friedensfeld_SC,Klingenberg_XY,W
216,NBG_1829,1828.0,Bethanien_SJ,Damus_XX,V
217,NBG_1829,1828.0,Bethanien_SJ,Damus_XY,V
218,NBG_1829,1828.0,Bethanien_SJ,Kleint_XX,V
219,NBG_1829,1828.0,Bethanien_SJ,Kleint_XY,V
220,NBG_1829,1828.0,Emaus_SJ,Schmitz_XX,V
221,NBG_1829,1828.0,Emaus_SJ,Schmitz_XY,V
222,NBG_1829,1828.0,Emaus_SJ,Zetzsche_XX,V
223,NBG_1829,1828.0,Emaus_SJ,Zetzsche_XY,V
224,NBG_1829,1828.0,Fairfield,Ellis_XX,V
225,NBG_1829,1828.0,Fairfield,Ellis_XY,V
226,NBG_1829,1828.0,Fairfield,Zorn_XX,V
227,NBG_1829,1828.0,Fairfield,Zorn_XY,V
228,NBG_1829,1828.0,Fairfield,Timäus_XX,W
229,NBG_1829,1828.0,NewEden,Pfeifer_XX,V
230,NBG_1829,1828.0,NewEden,Pfeifer_XY,V
231,NBG_1829,1828.0,Irwinhill,Light_XX,V
232,NBG_1829,1828.0,Irwinhill,Light_XY,V
233,NBG_1829,1828.0,NewCarmel,Scholefield_XX,V
234,NBG_1829,1828.0,NewCarmel,Scholefield_XY,V
235,NBG_1829,1828.0,StJohns,Newby_XX,V
236,NBG_1829,1828.0,StJohns,Newby_XY,V
237,NBG_1829,1828.0,StJohns,Olufsen_XX,V
238,NBG_1829,1828.0,StJohns,Olufsen_XY,V
239,NBG_1829,1828.0,StJohns,Münzer_XX,V
240,NBG_1829,1828.0,StJohns,Münzer_XY,V
241,NBG_1829,1828.0,StJohns,Zippel_XX,V
242,NBG_1829,1828.0,StJohns,Zippel_XY,V
243,NBG_1829,1828.0,StJohns,Procop_XX,W
244,NBG_1829,1828.0,Gracehill,Kochte_XX,V
245,NBG_1829,1828.0,Gracehill,Kochte_XY,V
246,NBG_1829,1828.0,Gracebay,Robbins_XX,V
247,NBG_1829,1828.0,Gracebay,Robbins_XY,V
248,NBG_1829,1828.0,Cedarhall,Schill_XX,V
249,NBG_1829,1828.0,Cedarhall,Schill_XY,V
250,NBG_1829,1828.0,Cedarhall,Simon_XX,V
251,NBG_1829,1828.0,Cedarhall,Simon_XY,V
252,NBG_1829,1828.0,Newfield,Wright_XX,V
253,NBG_1829,1828.0,Newfield,Wright_XY,V
254,NBG_1829,1828.0,Basseterre,Johannsen_XX,V
255,NBG_1829,1828.0,Basseterre,Johannsen_XY,V
256,NBG_1829,1828.0,Basseterre,Schick_XX,V
257,NBG_1829,1828.0,Basseterre,Schick_XY,V
258,NBG_1829,1828.0,Bethesda,Hoch_XX,V
259,NBG_1829,1828.0,Bethesda,Hoch_XY,V
260,NBG_1829,1828.0,Bethesda,Klose_XX,V
261,NBG_1829,1828.0,Bethesda,Klose_XY,V
262,NBG_1829,1828.0,Saron,Brunner_XX,V
263,NBG_1829,1828.0,Saron,Brunner_XY,V
264,NBG_1829,1828.0,Saron,Seiz_XX,V
265,NBG_1829,1828.0,Saron,Seiz_XY,V
266,NBG_1829,1828.0,MountTabor,Taylor_XX,V
267,NBG_1829,1828.0,MountTabor,Taylor_XY,V
268,NBG_1829,1828.0,Montgomery,Rixecker_XX,V
269,NBG_1829,1828.0,Montgomery,Rixecker_XY,V
270,NBG_1829,1828.0,Paramaribo,Genth_XX,V
271,NBG_1829,1828.0,Paramaribo,Genth_XY,V
272,NBG_1829,1828.0,Paramaribo,Graf_XX,V
273,NBG_1829,1828.0,Paramaribo,Graf_XY,V
274,NBG_1829,1828.0,Paramaribo,Böhmer_XX,V
275,NBG_1829,1828.0,Paramaribo,Böhmer_XY,V
276,NBG_1829,1828.0,Paramaribo,Voigt_XX,V
277,NBG_1829,1828.0,Paramaribo,Voigt_XY,V
278,NBG_1829,1828.0,Paramaribo,Hartmann_XX,V
279,NBG_1829,1828.0,Paramaribo,Hartmann_XY,V
280,NBG_1829,1828.0,Genadendal,Hallbeck_XX,V
281,NBG_1829,1828.0,Genadendal,Hallbeck_XY,V
282,NBG_1829,1828.0,Genadendal,Luttringshauser_XX,V
283,NBG_1829,1828.0,Genadendal,Luttringshauser_XY,V
284,NBG_1829,1828.0,Genadendal,Stein_XX,V
285,NBG_1829,1828.0,Genadendal,Stein_XY,V
286,NBG_1829,1828.0,Genadendal,Voigt_XX,V
287,NBG_1829,1828.0,Genadendal,Voigt_XY,V
288,NBG_1829,1828.0,Genadendal,Schulz_XX,V
289,NBG_1829,1828.0,Genadendal,Schulz_XY,V
290,NBG_1829,1828.0,Genadendal,Kohrhammer_XX,W
291,NBG_1829,1828.0,Genadendal,Bonatz_XX,W
292,NBG_1829,1828.0,Mamre,Clemens_XX,V
293,NBG_1829,1828.0,Mamre,Clemens_XY,V
294,NBG_1829,1828.0,Mamre,Tietze_XX,V
295,NBG_1829,1828.0,Mamre,Tietze_XY,V
296,NBG_1829,1828.0,Mamre,Sondermann_XX,V
297,NBG_1829,1828.0,Mamre,Sondermann_XY,V
298,NBG_1829,1828.0,Elim,Teutsch_XX,V
299,NBG_1829,1828.0,Elim,Teutsch_XY,V
300,NBG_1829,1828.0,Elim,Thomsen_XX,V
301,NBG_1829,1828.0,Elim,Thomsen_XY,V
302,NBG_1829,1828.0,HemelEnAarde,Peterleitner_XX,V
303,NBG_1829,1828.0,HemelEnAarde,Peterleitner_XY,V
304,NBG_1829,1828.0,Enon,Fritsch_XX,V
305,NBG_1829,1828.0,Enon,Fritsch_XY,V
306,NBG_1829,1828.0,Enon,Hornig_XX,V
307,NBG_1829,1828.0,Enon,Hornig_XY,V
308,NBG_1829,1828.0,Enon,Halter_XX,V
309,NBG_1829,1828.0,Enon,Halter_XY,V
310,NBG_1829,1828.0,Enon,Nauhaus_XX,V
311,NBG_1829,1828.0,Enon,Nauhaus_XY,V
312,,,,,
313,NBG_1839,1838.0,Neuherrnhut_GRL,Ulbricht_XX,V
314,NBG_1839,1838.0,Neuherrnhut_GRL,Ulbricht_XY,V
315,NBG_1839,1838.0,Neuherrnhut_GRL,Mehlhose_XX,V
316,NBG_1839,1838.0,Neuherrnhut_GRL,Mehlhose_XY,V
317,NBG_1839,1838.0,Neuherrnhut_GRL,Herbrich_XY,L
318,NBG_1839,1838.0,Neuherrnhut_GRL,Richter_XY,L
319,NBG_1839,1838.0,Lichtenfels,Eberle_XX,V
320,NBG_1839,1838.0,Lichtenfels,Eberle_XY,V
321,NBG_1839,1838.0,Lichtenfels,Tietzen_XX,V
322,NBG_1839,1838.0,Lichtenfels,Tietzen_XY,V
323,NBG_1839,1838.0,Lichtenfels,Lund_C_XY,L
324,NBG_1839,1838.0,Lichtenau,Ihrer_XX,V
325,NBG_1839,1838.0,Lichtenau,Ihrer_XY,V
326,NBG_1839,1838.0,Lichtenau,Kögel_J_XX,V
327,NBG_1839,1838.0,Lichtenau,Kögel_J_XY,V
328,NBG_1839,1838.0,Lichtenau,Asboe_XY,L
329,NBG_1839,1838.0,Lichtenau,Üllner_XY,L
330,NBG_1839,1838.0,Friedrichsthal,Müller_V_XX,V
331,NBG_1839,1838.0,Friedrichsthal,Müller_V_XY,V
332,NBG_1839,1838.0,Friedrichsthal,Baus_XX,V
333,NBG_1839,1838.0,Friedrichsthal,Baus_XY,V
334,NBG_1839,1838.0,Friedrichsthal,Lund_JP_XY,L
335,NBG_1839,1838.0,Nain,Lundberg_XX,V
336,NBG_1839,1838.0,Nain,Lundberg_XY,V
337,NBG_1839,1838.0,Nain,Beck_XX,V
338,NBG_1839,1838.0,Nain,Beck_XY,V
339,NBG_1839,1838.0,Nain,Fritsche_C_XX,V
340,NBG_1839,1838.0,Nain,Fritsche_C_XY,V
341,NBG_1839,1838.0,Nain,Seldenschlo_XY,L
342,NBG_1839,1838.0,Hoffenthal,Knaus_XX,V
343,NBG_1839,1838.0,Hoffenthal,Knaus_XY,V
344,NBG_1839,1838.0,Hoffenthal,Glitsch_XX,V
345,NBG_1839,1838.0,Hoffenthal,Glitsch_XY,V
346,NBG_1839,1838.0,Hoffenthal,Stock_XX,V
347,NBG_1839,1838.0,Hoffenthal,Stock_XY,V
348,NBG_1839,1838.0,Hoffenthal,Barsoe_XY,L
349,NBG_1839,1838.0,Okak,Stürmann_XX,V
350,NBG_1839,1838.0,Okak,Stürmann_XY,V
351,NBG_1839,1838.0,Okak,Henn_XX,V
352,NBG_1839,1838.0,Okak,Henn_XY,V
353,NBG_1839,1838.0,Okak,Herzberg_XX,V
354,NBG_1839,1838.0,Okak,Herzberg_XY,V
355,NBG_1839,1838.0,Okak,Erdmann_XY,L
356,NBG_1839,1838.0,Hebron,Morhardt_XX,V
357,NBG_1839,1838.0,Hebron,Morhardt_XY,V
358,NBG_1839,1838.0,Hebron,Menzel_XX,V
359,NBG_1839,1838.0,Hebron,Menzel_XY,V
360,NBG_1839,1838.0,Hebron,Kruth_XY,L
361,NBG_1839,1838.0,Hebron,Freitag_T_XY,L
362,NBG_1839,1838.0,NewFairfield,Luckenbach_XX,V
363,NBG_1839,1838.0,NewFairfield,Luckenbach_XY,V
364,NBG_1839,1838.0,NewFairfield,Bachmann_XX,V
365,NBG_1839,1838.0,NewFairfield,Bachmann_XY,V
366,NBG_1839,1838.0,KonsasMissiri,Mickisch_XX,V
367,NBG_1839,1838.0,KonsasMissiri,Mickisch_XY,V
368,NBG_1839,1838.0,KonsasMissiri,Vogler_J_XX,V
369,NBG_1839,1838.0,KonsasMissiri,Vogler_J_XY,V
370,NBG_1839,1838.0,CherokeeMission,Schmidt_R_XX,V
371,NBG_1839,1838.0,CherokeeMission,Schmidt_R_XY,V
372,NBG_1839,1838.0,CherokeeMission,Vogler_XY,L
373,NBG_1839,1838.0,CherokeeMission,Rüde_XY,L
374,NBG_1839,1838.0,Neuherrnhut_ST,Wied_XX,V
375,NBG_1839,1838.0,Neuherrnhut_ST,Wied_XY,V
376,NBG_1839,1838.0,Neuherrnhut_ST,Köster_A_XX,V
377,NBG_1839,1838.0,Neuherrnhut_ST,Köster_A_XY,V
378,NBG_1839,1838.0,Neuherrnhut_ST,Wolter_H_XX,V
379,NBG_1839,1838.0,Neuherrnhut_ST,Wolter_H_XY,V
380,NBG_1839,1838.0,Niesky_ST,Freitag_S_XX,V
381,NBG_1839,1838.0,Niesky_ST,Freitag_S_XY,V
382,NBG_1839,1838.0,Niesky_ST,Blitt_XX,V
383,NBG_1839,1838.0,Niesky_ST,Blitt_XY,V
384,NBG_1839,1838.0,Friedensthal_SC,Sybrecht_XX,V
385,NBG_1839,1838.0,Friedensthal_SC,Sybrecht_XY,V
386,NBG_1839,1838.0,Friedensthal_SC,Müller_JG_XX,V
387,NBG_1839,1838.0,Friedensthal_SC,Müller_JG_XY,V
388,NBG_1839,1838.0,Friedensthal_SC,Römer_J_XY,W
389,NBG_1839,1838.0,Friedensthal_SC,Kleiner_XY,L
390,NBG_1839,1838.0,Friedensberg_SC,Popp_XX,V
391,NBG_1839,1838.0,Friedensberg_SC,Popp_XY,V
392,NBG_1839,1838.0,Friedensberg_SC,Menzel_XX,V
393,NBG_1839,1838.0,Friedensberg_SC,Menzel_XY,V
394,NBG_1839,1838.0,Friedensfeld_SC,Staude_XX,V
395,NBG_1839,1838.0,Friedensfeld_SC,Staude_XY,V
396,NBG_1839,1838.0,Friedensfeld_SC,Wedemann_XX,V
397,NBG_1839,1838.0,Friedensfeld_SC,Wedemann_XY,V
398,NBG_1839,1838.0,Bethanien_SJ,Meyer_H_XX,V
399,NBG_1839,1838.0,Bethanien_SJ,Meyer_H_XY,V
400,NBG_1839,1838.0,Bethanien_SJ,Ziock_XX,V
401,NBG_1839,1838.0,Bethanien_SJ,Ziock_XY,V
402,NBG_1839,1838.0,Emmaus_SJ,Schmitz_XX,V
403,NBG_1839,1838.0,Emmaus_SJ,Schmitz_XY,V
404,NBG_1839,1838.0,Emmaus_SJ,Hohe_XX,V
405,NBG_1839,1838.0,Emmaus_SJ,Hohe_XY,V
406,NBG_1839,1838.0,Emmaus_SJ,Kleint_XX,V
407,NBG_1839,1838.0,Emmaus_SJ,Kleint_XY,V
408,NBG_1839,1838.0,Fairfield,Zorn_XX,V
409,NBG_1839,1838.0,Fairfield,Zorn_XY,V
410,NBG_1839,1838.0,Fairfield,Prince_XX,V
411,NBG_1839,1838.0,Fairfield,Prince_XY,V
412,NBG_1839,1838.0,NewEden,Kochte_XX,V
413,NBG_1839,1838.0,NewEden,Kochte_XY,V
414,NBG_1839,1838.0,Irwinhill,Robbins_XX,V
415,NBG_1839,1838.0,Irwinhill,Robbins_XY,V
416,NBG_1839,1838.0,NewCarmel,Elliot_XX,V
417,NBG_1839,1838.0,NewCarmel,Elliot_XY,V
418,NBG_1839,1838.0,NewCarmel,Collis_XX,W
419,NBG_1839,1838.0,NewBethlehem,Renkewitz_XX,V
420,NBG_1839,1838.0,NewBethlehem,Renkewitz_XY,V
421,NBG_1839,1838.0,NewFulneck,Davies_XX,V
422,NBG_1839,1838.0,NewFulneck,Davies_XY,V
423,NBG_1839,1838.0,Bethania,Scholefield_XX,V
424,NBG_1839,1838.0,Bethania,Scholefield_XY,V
425,NBG_1839,1838.0,Beaufort,Pfeifer_XX,V
426,NBG_1839,1838.0,Beaufort,Pfeifer_XY,V
427,NBG_1839,1838.0,Parkersbay,Colemann_XX,V
428,NBG_1839,1838.0,Parkersbay,Colemann_XY,V
429,NBG_1839,1838.0,Parkersbay,Blandford_XY,L
430,NBG_1839,1838.0,Parkersbay,Vines_XY,L
431,NBG_1839,1838.0,StJohns,Harvey_XX,V
432,NBG_1839,1838.0,StJohns,Harvey_XY,V
433,NBG_1839,1838.0,StJohns,Hartwig_XX,V
434,NBG_1839,1838.0,StJohns,Hartwig_XY,V
435,NBG_1839,1838.0,StJohns,Haugk_XX,V
436,NBG_1839,1838.0,StJohns,Haugk_XY,V
437,NBG_1839,1838.0,StJohns,Newby_XY,W
438,NBG_1839,1838.0,StJohns,Gardin_XY,W
439,NBG_1839,1838.0,Gracehill,Thrän_XX,V
440,NBG_1839,1838.0,Gracehill,Thrän_XY,V
441,NBG_1839,1838.0,Gracehill,Baum_XX,V
442,NBG_1839,1838.0,Gracehill,Baum_XY,V
443,NBG_1839,1838.0,Gracebay,Möhne_XX,V
444,NBG_1839,1838.0,Gracebay,Möhne_XY,V
445,NBG_1839,1838.0,Cedarhall,Zetsche_XX,V
446,NBG_1839,1838.0,Cedarhall,Zetsche_XY,V
447,NBG_1839,1838.0,Cedarhall,Millar_H_XX,V
448,NBG_1839,1838.0,Cedarhall,Millar_H_XY,V
449,NBG_1839,1838.0,Newfield,Morrish_XX,V
450,NBG_1839,1838.0,Newfield,Morrish_XY,V
451,NBG_1839,1838.0,Basseterre,Rixecker_P_XX,V
452,NBG_1839,1838.0,Basseterre,Rixecker_P_XY,V
453,NBG_1839,1838.0,Basseterre,Örter_XX,V
454,NBG_1839,1838.0,Basseterre,Örter_XY,V
455,NBG_1839,1838.0,Bethesda,Münzer_XX,V
456,NBG_1839,1838.0,Bethesda,Münzer_XY,V
457,NBG_1839,1838.0,Bethesda,Senft_XX,V
458,NBG_1839,1838.0,Bethesda,Senft_XY,V
459,NBG_1839,1838.0,Bethel,Römer_T_XX,V
460,NBG_1839,1838.0,Bethel,Römer_T_XY,V
461,NBG_1839,1838.0,Bethel,Rixecker_B_XY,L
462,NBG_1839,1838.0,Bridgetown,Ellis_XX,V
463,NBG_1839,1838.0,Bridgetown,Ellis_XY,V
464,NBG_1839,1838.0,Saron,Klose_XX,V
465,NBG_1839,1838.0,Saron,Klose_XY,V
466,NBG_1839,1838.0,MountTabor,Zippel_XX,V
467,NBG_1839,1838.0,MountTabor,Zippel_XY,V
468,NBG_1839,1838.0,Montgomery,Coates_XX,V
469,NBG_1839,1838.0,Montgomery,Coates_XY,V
470,NBG_1839,1838.0,Montgomery,Heath_XY,L
471,NBG_1839,1838.0,PlantageAR,Hamann_XX,V
472,NBG_1839,1838.0,PlantageAR,Hamann_XY,V
473,NBG_1839,1838.0,Paramaribo,Passavant_XX,V
474,NBG_1839,1838.0,Paramaribo,Passavant_XY,V
475,NBG_1839,1838.0,Paramaribo,Treu_XX,V
476,NBG_1839,1838.0,Paramaribo,Treu_XY,V
477,NBG_1839,1838.0,Paramaribo,Jakobs_XX,V
478,NBG_1839,1838.0,Paramaribo,Jakobs_XY,V
479,NBG_1839,1838.0,Paramaribo,Döhrmann_XX,V
480,NBG_1839,1838.0,Paramaribo,Döhrmann_XY,V
481,NBG_1839,1838.0,Paramaribo,Lund_MP_XX,V
482,NBG_1839,1838.0,Paramaribo,Lund_MP_XY,V
483,NBG_1839,1838.0,Paramaribo,Bauch_XY,L
484,NBG_1839,1838.0,Paramaribo,Wolter_W_XY,L
485,NBG_1839,1838.0,Paramaribo,Warmann_XY,L
486,NBG_1839,1838.0,PlantageCH,Voigt_XX,V
487,NBG_1839,1838.0,PlantageCH,Voigt_XY,V
488,NBG_1839,1838.0,PlantageCH,Hartmann_XX,V
489,NBG_1839,1838.0,PlantageCH,Hartmann_XY,V
490,NBG_1839,1838.0,PlantageCH,Schmidt_R_XX,V
491,NBG_1839,1838.0,PlantageCH,Schmidt_R_XY,V
492,NBG_1839,1838.0,WorstelingJacobs,Bleichen_XX,V
493,NBG_1839,1838.0,WorstelingJacobs,Bleichen_XY,V
494,NBG_1839,1838.0,Genadendal,Hallbeck_XX,V
495,NBG_1839,1838.0,Genadendal,Hallbeck_XY,V
496,NBG_1839,1838.0,Genadendal,Stein_XX,V
497,NBG_1839,1838.0,Genadendal,Stein_XY,V
498,NBG_1839,1838.0,Genadendal,Nauhaus_XX,V
499,NBG_1839,1838.0,Genadendal,Nauhaus_XY,V
500,NBG_1839,1838.0,Genadendal,Sondermann_XX,V
501,NBG_1839,1838.0,Genadendal,Sondermann_XY,V
502,NBG_1839,1838.0,Genadendal,Brauer_XX,V
503,NBG_1839,1838.0,Genadendal,Brauer_XY,V
504,NBG_1839,1838.0,Genadendal,Schoppmann_XX,V
505,NBG_1839,1838.0,Genadendal,Schopmann,V
506,NBG_1839,1838.0,Genadendal,Franke_XX,V
507,NBG_1839,1838.0,Genadendal,Franke_XY,V
508,NBG_1839,1838.0,Genadendal,Kohrhammer_XX,W
509,NBG_1839,1838.0,Genadendal,Hallbeck_G_XX,L
510,NBG_1839,1838.0,Mamre,Lemmerz_XX,V
511,NBG_1839,1838.0,Mamre,Lemmerz_XY,V
512,NBG_1839,1838.0,Mamre,Lehmann_XX,V
513,NBG_1839,1838.0,Mamre,Lehmann_XY,V
514,NBG_1839,1838.0,Mamre,deFries_XX,V
515,NBG_1839,1838.0,Mamre,deFries_XY,V
516,NBG_1839,1838.0,HemelEnAarde,Fritsch_J_XX,V
517,NBG_1839,1838.0,HemelEnAarde,Fritsch_J_XY,V
518,NBG_1839,1838.0,Enon,Halter_XX,V
519,NBG_1839,1838.0,Enon,Halter_XY,V
520,NBG_1839,1838.0,Enon,Stolz_XX,V
521,NBG_1839,1838.0,Enon,Stolz_XY,V
522,NBG_1839,1838.0,Elim,Teutsch_XX,V
523,NBG_1839,1838.0,Elim,Teutsch_XY,V
524,NBG_1839,1838.0,Elim,Luttringshauser_XX,V
525,NBG_1839,1838.0,Elim,Luttringshauser_XY,V
526,NBG_1839,1838.0,Elim,Meyer_H_XX,V
527,NBG_1839,1838.0,Elim,Meyer_H_XY,V
528,NBG_1839,1838.0,Silo,Genth_XX,V
529,NBG_1839,1838.0,Silo,Genth_XY,V
530,NBG_1839,1838.0,Silo,Hofmann_XX,V
531,NBG_1839,1838.0,Silo,Hofmann_XY,V
532,NBG_1839,1838.0,Silo,Bonatz_XY,W
533,NBG_1839,1838.0,Silo,Küster_A_XY,L
534,,,,,
535,NBG_1830,1829.0,Genadendal,Hallbeck_XX,V
536,NBG_1830,1829.0,Genadendal,Hallbeck_XY,V
537,NBG_1830,1829.0,Genadendal,Thomsen_XX,V
538,NBG_1830,1829.0,Genadendal,Thomsen_XY,V
539,NBG_1830,1829.0,Genadendal,Luttringshauser_XX,V
540,NBG_1830,1829.0,Genadendal,Luttringshauser_XY,V
541,NBG_1830,1829.0,Genadendal,Stein_XX,V
542,NBG_1830,1829.0,Genadendal,Stein_XY,V
543,NBG_1830,1829.0,Genadendal,Voigt_XX,V
544,NBG_1830,1829.0,Genadendal,Voigt_XY,V
545,NBG_1830,1829.0,Genadendal,Schulz_XX,V
546,NBG_1830,1829.0,Genadendal,Schulz_XY,V
547,NBG_1830,1829.0,Genadendal,Sondermann_XX,V
548,NBG_1830,1829.0,Genadendal,Sondermann_XY,V
549,NBG_1830,1829.0,Genadendal,Kohrhammer_XX,W
550,NBG_1830,1829.0,Mamre,Clemens_XX,V
551,NBG_1830,1829.0,Mamre,Clemens_XY,V
552,NBG_1830,1829.0,Mamre,Tietze_XX,V
553,NBG_1830,1829.0,Mamre,Tietze_XY,V
554,NBG_1830,1829.0,Mamre,Lehmann_XX,V
555,NBG_1830,1829.0,Mamre,Lehmann_XY,V
556,NBG_1830,1829.0,Mamre,Meyer_XX,V
557,NBG_1830,1829.0,Mamre,Meyer_XY,V
558,NBG_1830,1829.0,HemelEnAarde,Peterleitner_XX,W
559,NBG_1830,1829.0,Elim,Teutsch_XX,V
560,NBG_1830,1829.0,Elim,Teutsch_XY,V
561,NBG_1830,1829.0,Elim,Nauhaus_XX,V
562,NBG_1830,1829.0,Elim,Nauhaus_XY,V
563,NBG_1830,1829.0,Enon,Fritsch_XX,V
564,NBG_1830,1829.0,Enon,Fritsch_XY,V
565,NBG_1830,1829.0,Enon,Hornig_XX,V
566,NBG_1830,1829.0,Enon,Hornig_XY,V
567,NBG_1830,1829.0,Enon,Halter_XX,V
568,NBG_1830,1829.0,Enon,Halter_XY,V
569,NBG_1830,1829.0,Klipplaat,Lemmerz_XX,V
570,NBG_1830,1829.0,Klipplaat,Lemmerz_XY,V
571,NBG_1830,1829.0,Klipplaat,Hofmann_XX,V
572,NBG_1830,1829.0,Klipplaat,Hofmann_XY,V
573,,,,,
574,NBG_1831,1830.0,Genadendal,Hallbeck_XX,V
575,NBG_1831,1830.0,Genadendal,Hallbeck_XY,V
576,NBG_1831,1830.0,Genadendal,Thomsen_XX,V
577,NBG_1831,1830.0,Genadendal,Thomsen_XY,V
578,NBG_1831,1830.0,Genadendal,Luttringshauser_XX,V
579,NBG_1831,1830.0,Genadendal,Luttringshauser_XY,V
580,NBG_1831,1830.0,Genadendal,Stein_XX,V
581,NBG_1831,1830.0,Genadendal,Stein_XY,V
582,NBG_1831,1830.0,Genadendal,Voigt_XX,V
583,NBG_1831,1830.0,Genadendal,Voigt_XY,V
584,NBG_1831,1830.0,Genadendal,Schulz_XX,V
585,NBG_1831,1830.0,Genadendal,Schulz_XY,V
586,NBG_1831,1830.0,Genadendal,Sondermann_XX,V
587,NBG_1831,1830.0,Genadendal,Sondermann_XY,V
588,NBG_1831,1830.0,Genadendal,Kohrhammer_XX,W
589,NBG_1831,1830.0,Mamre,Clemens_XX,V
590,NBG_1831,1830.0,Mamre,Clemens_XY,V
591,NBG_1831,1830.0,Mamre,Lehmann_XX,V
592,NBG_1831,1830.0,Mamre,Lehmann_XY,V
593,NBG_1831,1830.0,Mamre,Meyer_XX,V
594,NBG_1831,1830.0,Mamre,Meyer_XY,V
595,NBG_1831,1830.0,HemelEnAarde,Tietze_XX,V
596,NBG_1831,1830.0,HemelEnAarde,Tietze_XY,V
597,NBG_1831,1830.0,Elim,Teutsch_XX,V
598,NBG_1831,1830.0,Elim,Teutsch_XY,V
599,NBG_1831,1830.0,Elim,Nauhaus_XX,V
600,NBG_1831,1830.0,Elim,Nauhaus_XY,V
601,NBG_1831,1830.0,Enon,Fritsch_XX,V
602,NBG_1831,1830.0,Enon,Fritsch_XY,V
603,NBG_1831,1830.0,Enon,Lemmerz_XX,V
604,NBG_1831,1830.0,Enon,Lemmerz_XY,V
605,NBG_1831,1830.0,Enon,Hornig_XX,V
606,NBG_1831,1830.0,Enon,Hornig_XY,V
607,NBG_1831,1830.0,Silo,Hofmann_XX,V
608,NBG_1831,1830.0,Silo,Hofmann_XY,V
609,NBG_1831,1830.0,Silo,Halter_XX,V
610,NBG_1831,1830.0,Silo,Halter_XY,V
611,,,,,
612,NBG_1832,1831.0,Genadendal,Hallbeck_XX,V
613,NBG_1832,1831.0,Genadendal,Hallbeck_XY,V
614,NBG_1832,1831.0,Genadendal,Luttringshauser_XX,V
615,NBG_1832,1831.0,Genadendal,Luttringshauser_XY,V
616,NBG_1832,1831.0,Genadendal,Stein_XX,V
617,NBG_1832,1831.0,Genadendal,Stein_XY,V
618,NBG_1832,1831.0,Genadendal,Sondermann_XX,V
619,NBG_1832,1831.0,Genadendal,Sondermann_XY,V
620,NBG_1832,1831.0,Genadendal,Kohrhammer_XX,W
621,NBG_1832,1831.0,Genadendal,Schulz_XX,W
622,NBG_1832,1831.0,Mamre,Clemens_XX,V
623,NBG_1832,1831.0,Mamre,Clemens_XY,V
624,NBG_1832,1831.0,Mamre,Lehmann_XX,V
625,NBG_1832,1831.0,Mamre,Lehmann_XY,V
626,NBG_1832,1831.0,Mamre,Meyer_XX,V
627,NBG_1832,1831.0,Mamre,Meyer_XY,V
628,NBG_1832,1831.0,HemelEnAarde,Tietze_XX,V
629,NBG_1832,1831.0,HemelEnAarde,Tietze_XY,V
630,NBG_1832,1831.0,Elim,Teutsch_XX,V
631,NBG_1832,1831.0,Elim,Teutsch_XY,V
632,NBG_1832,1831.0,Elim,Nauhaus_XX,V
633,NBG_1832,1831.0,Elim,Nauhaus_XY,V
634,NBG_1832,1831.0,Enon,Fritsch_XX,V
635,NBG_1832,1831.0,Enon,Fritsch_XY,V
636,NBG_1832,1831.0,Enon,Lemmerz_XX,V
637,NBG_1832,1831.0,Enon,Lemmerz_XY,V
638,NBG_1832,1831.0,Enon,Hornig_XX,V
639,NBG_1832,1831.0,Enon,Hornig_XY,V
640,NBG_1832,1831.0,Silo,Hofmann_XX,V
641,NBG_1832,1831.0,Silo,Hofmann_XY,V
642,NBG_1832,1831.0,Silo,Halter_XX,V
643,NBG_1832,1831.0,Silo,Halter_XY,V
644,,,,,
645,NBG_1835,1834.0,Genadendal,Hallbeck_XX,V
646,NBG_1835,1834.0,Genadendal,Hallbeck_XY,V
647,NBG_1835,1834.0,Genadendal,Stein_XX,V
648,NBG_1835,1834.0,Genadendal,Stein_XY,V
649,NBG_1835,1834.0,Genadendal,Nauhaus_XX,V
650,NBG_1835,1834.0,Genadendal,Nauhaus_XY,V
651,NBG_1835,1834.0,Genadendal,Sondermann_XX,V
652,NBG_1835,1834.0,Genadendal,Sondermann_XY,V
653,NBG_1835,1834.0,Genadendal,Brauer_XX,V
654,NBG_1835,1834.0,Genadendal,Brauer_XY,V
655,NBG_1835,1834.0,Genadendal,Schoppmann_XY,L
656,NBG_1835,1834.0,Genadendal,Kohrhammer_XX,W
657,NBG_1835,1834.0,Mamre,Clemens_XX,V
658,NBG_1835,1834.0,Mamre,Clemens_XY,V
659,NBG_1835,1834.0,Mamre,Lemmerz_XX,V
660,NBG_1835,1834.0,Mamre,Lemmerz_XY,V
661,NBG_1835,1834.0,Mamre,Lehmann_XX,V
662,NBG_1835,1834.0,Mamre,Lehmann_XY,V
663,NBG_1835,1834.0,Mamre,Meyer_XX,V
664,NBG_1835,1834.0,Mamre,Meyer_XY,V
665,NBG_1835,1834.0,HemelEnAarde,Tietze_XX,V
666,NBG_1835,1834.0,HemelEnAarde,Tietze_XY,V
667,NBG_1835,1834.0,Enon,Genth_XX,V
668,NBG_1835,1834.0,Enon,Genth_XY,V
669,NBG_1835,1834.0,Enon,Halter_XX,V
670,NBG_1835,1834.0,Enon,Halter_XY,V
671,NBG_1835,1834.0,Enon,Hornig_XX,W
672,NBG_1835,1834.0,Elim,Teutsch_XX,V
673,NBG_1835,1834.0,Elim,Teutsch_XY,V
674,NBG_1835,1834.0,Elim,Luttringshauser_XX,V
675,NBG_1835,1834.0,Elim,Luttringshauser_XY,V
676,NBG_1835,1834.0,Silo,Fritsch_XX,V
677,NBG_1835,1834.0,Silo,Fritsch_XY,V
678,NBG_1835,1834.0,Silo,Hofmann_XX,V
679,NBG_1835,1834.0,Silo,Hofmann_XY,V
680,NBG_1835,1834.0,Silo,Bonatz_XY,L
681,,,,,
682,NBG_1836,1835.0,Genadendal,Hallbeck_XX,V
683,NBG_1836,1835.0,Genadendal,Hallbeck_XY,V
684,NBG_1836,1835.0,Genadendal,Stein_XX,V
685,NBG_1836,1835.0,Genadendal,Stein_XY,V
686,NBG_1836,1835.0,Genadendal,Nauhaus_XX,V
687,NBG_1836,1835.0,Genadendal,Nauhaus_XY,V
688,NBG_1836,1835.0,Genadendal,Sondermann_XX,V
689,NBG_1836,1835.0,Genadendal,Sondermann_XY,V
690,NBG_1836,1835.0,Genadendal,Brauer_XX,V
691,NBG_1836,1835.0,Genadendal,Brauer_XY,V
692,NBG_1836,1835.0,Genadendal,Kohrhammer_XX,W
693,NBG_1836,1835.0,Mamre,Clemens_XX,V
694,NBG_1836,1835.0,Mamre,Clemens_XY,V
695,NBG_1836,1835.0,Mamre,Lemmerz_XX,V
696,NBG_1836,1835.0,Mamre,Lemmerz_XY,V
697,NBG_1836,1835.0,Mamre,Lehmann_XX,V
698,NBG_1836,1835.0,Mamre,Lehmann_XY,V
699,NBG_1836,1835.0,Mamre,Meyer_XX,V
700,NBG_1836,1835.0,Mamre,Meyer_XY,V
701,NBG_1836,1835.0,HemelEnAarde,Tietze_XX,V
702,NBG_1836,1835.0,HemelEnAarde,Tietze_XY,V
703,NBG_1836,1835.0,Enon,Genth_XX,V
704,NBG_1836,1835.0,Enon,Genth_XY,V
705,NBG_1836,1835.0,Enon,Halter_XX,V
706,NBG_1836,1835.0,Enon,Halter_XY,V
707,NBG_1836,1835.0,Enon,Stolz_XX,V
708,NBG_1836,1835.0,Enon,Stolz_XY,V
709,NBG_1836,1835.0,Enon,Hornig_XX,W
710,NBG_1836,1835.0,Elim,Teutsch_XX,V
711,NBG_1836,1835.0,Elim,Teutsch_XY,V
712,NBG_1836,1835.0,Elim,Luttringshauser_XX,V
713,NBG_1836,1835.0,Elim,Luttringshauser_XY,V
714,NBG_1836,1835.0,Elim,Schoppmann_XX,V
715,NBG_1836,1835.0,Elim,Schoppmann_XY,V
716,NBG_1836,1835.0,Silo,Fritsch_XX,V
717,NBG_1836,1835.0,Silo,Fritsch_XY,V
718,NBG_1836,1835.0,Silo,Hofmann_XX,V
719,NBG_1836,1835.0,Silo,Hofmann_XY,V
720,NBG_1836,1835.0,Silo,Bonatz_XY,L
721,,,,,
722,NBG_1837,1836.0,Genadendal,Teutsch_XX,V
723,NBG_1837,1836.0,Genadendal,Teutsch_XY,V
724,NBG_1837,1836.0,Genadendal,Stein_XX,V
725,NBG_1837,1836.0,Genadendal,Stein_XY,V
726,NBG_1837,1836.0,Genadendal,Nauhaus_XX,V
727,NBG_1837,1836.0,Genadendal,Nauhaus_XY,V
728,NBG_1837,1836.0,Genadendal,Sondermann_XX,V
729,NBG_1837,1836.0,Genadendal,Sondermann_XY,V
730,NBG_1837,1836.0,Genadendal,Schoppmann_XX,V
731,NBG_1837,1836.0,Genadendal,Schoppmann_XY,V
732,NBG_1837,1836.0,Genadendal,Brauer_XX,V
733,NBG_1837,1836.0,Genadendal,Brauer_XY,V
734,NBG_1837,1836.0,Genadendal,Kohrhammer_XX,W
735,NBG_1837,1836.0,Mamre,Lemmerz_XX,V
736,NBG_1837,1836.0,Mamre,Lemmerz_XY,V
737,NBG_1837,1836.0,Mamre,Lehmann_XX,V
738,NBG_1837,1836.0,Mamre,Lehmann_XY,V
739,NBG_1837,1836.0,Mamre,deFries_XX,V
740,NBG_1837,1836.0,Mamre,deFries_XY,V
741,NBG_1837,1836.0,HemelEnAarde,Tietze_XX,V
742,NBG_1837,1836.0,HemelEnAarde,Tietze_XY,V
743,NBG_1837,1836.0,Enon,Genth_XX,V
744,NBG_1837,1836.0,Enon,Genth_XY,V
745,NBG_1837,1836.0,Enon,Halter_XX,V
746,NBG_1837,1836.0,Enon,Halter_XY,V
747,NBG_1837,1836.0,Enon,Stolz_XX,V
748,NBG_1837,1836.0,Enon,Stolz_XY,V
749,NBG_1837,1836.0,Elim,Luttringshauser_XX,V
750,NBG_1837,1836.0,Elim,Luttringshauser_XY,V
751,NBG_1837,1836.0,Silo,Fritsch_XX,V
752,NBG_1837,1836.0,Silo,Fritsch_XY,V
753,NBG_1837,1836.0,Silo,Hofmann_XX,V
754,NBG_1837,1836.0,Silo,Hofmann_XY,V
755,NBG_1837,1836.0,Silo,Küster_XY,L
756,,,,,
757,NBG_1838,1837.0,Genadendal,Hallbeck_XX,V
758,NBG_1838,1837.0,Genadendal,Hallbeck_XY,V
759,NBG_1838,1837.0,Genadendal,Teutsch_XX,V
760,NBG_1838,1837.0,Genadendal,Teutsch_XY,V
761,NBG_1838,1837.0,Genadendal,Stein_XX,V
762,NBG_1838,1837.0,Genadendal,Stein_XY,V
763,NBG_1838,1837.0,Genadendal,Nauhaus_XX,V
764,NBG_1838,1837.0,Genadendal,Nauhaus_XY,V
765,NBG_1838,1837.0,Genadendal,Sondermann_XX,V
766,NBG_1838,1837.0,Genadendal,Sondermann_XY,V
767,NBG_1838,1837.0,Genadendal,Schoppmann_XX,V
768,NBG_1838,1837.0,Genadendal,Schoppmann_XY,V
769,NBG_1838,1837.0,Genadendal,Brauer_XX,V
770,NBG_1838,1837.0,Genadendal,Brauer_XY,V
771,NBG_1838,1837.0,Genadendal,Kohrhammer_XX,W
772,NBG_1838,1837.0,Genadendal,Hallbeck_G_XX,L
773,NBG_1838,1837.0,Mamre,Lemmerz_XX,V
774,NBG_1838,1837.0,Mamre,Lemmerz_XY,V
775,NBG_1838,1837.0,Mamre,Lehmann_XX,V
776,NBG_1838,1837.0,Mamre,Lehmann_XY,V
777,NBG_1838,1837.0,Mamre,deFries_XX,V
778,NBG_1838,1837.0,Mamre,deFries_XY,V
779,NBG_1838,1837.0,Mamre,Franke_XX,V
780,NBG_1838,1837.0,Mamre,Franke_XY,V
781,NBG_1838,1837.0,HemelEnAarde,Tietze_XX,V
782,NBG_1838,1837.0,HemelEnAarde,Tietze_XY,V
783,NBG_1838,1837.0,Enon,Genth_XX,V
784,NBG_1838,1837.0,Enon,Genth_XY,V
785,NBG_1838,1837.0,Enon,Halter_XX,V
786,NBG_1838,1837.0,Enon,Halter_XY,V
787,NBG_1838,1837.0,Enon,Stolz_XX,V
788,NBG_1838,1837.0,Enon,Stolz_XY,V
789,NBG_1838,1837.0,Elim,Luttringshauser_XX,V
790,NBG_1838,1837.0,Elim,Luttringshauser_XY,V
791,NBG_1838,1837.0,Elim,Meyer_XX,V
792,NBG_1838,1837.0,Elim,Meyer_XY,V
793,NBG_1838,1837.0,Silo,Fritsch_XX,V
794,NBG_1838,1837.0,Silo,Fritsch_XY,V
795,NBG_1838,1837.0,Silo,Hofmann_XX,V
796,NBG_1838,1837.0,Silo,Hofmann_XY,V
797,NBG_1838,1837.0,Silo,Bonatz_XX,V
798,NBG_1838,1837.0,Silo,Bonatz_XY,V
799,NBG_1838,1837.0,Silo,Küster_XY,L
800,,,,,
801,NBG_1842,1841.0,Genadendal,Teutsch_XX,V
802,NBG_1842,1841.0,Genadendal,Teutsch_XY,V
803,NBG_1842,1841.0,Genadendal,Sondermann_XX,V
804,NBG_1842,1841.0,Genadendal,Sondermann_XY,V
805,NBG_1842,1841.0,Genadendal,Schoppmann_XX,V
806,NBG_1842,1841.0,Genadendal,Schoppmann_XY,V
807,NBG_1842,1841.0,Genadendal,deFries_XX,V
808,NBG_1842,1841.0,Genadendal,deFries_XY,V
809,NBG_1842,1841.0,Genadendal,Brauer_XX,V
810,NBG_1842,1841.0,Genadendal,Brauer_XY,V
811,NBG_1842,1841.0,Genadendal,Gysin_XX,V
812,NBG_1842,1841.0,Genadendal,Gysin_XY,V
813,NBG_1842,1841.0,Genadendal,Hallbeck_XX,W
814,NBG_1842,1841.0,Genadendal,Hallbeck_G_XX,L
815,NBG_1842,1841.0,Mamre,Lehmann_XX,V
816,NBG_1842,1841.0,Mamre,Lehmann_XY,V
817,NBG_1842,1841.0,Mamre,Franke_XX,V
818,NBG_1842,1841.0,Mamre,Franke_XY,V
819,NBG_1842,1841.0,Mamre,Christensen_XX,V
820,NBG_1842,1841.0,Mamre,Christensen_XY,V
821,NBG_1842,1841.0,HemelEnAarde,Fritsch_J_XX,V
822,NBG_1842,1841.0,HemelEnAarde,Fritsch_J_XY,V
823,NBG_1842,1841.0,Enon,Lemmerz_XX,V
824,NBG_1842,1841.0,Enon,Lemmerz_XY,V
825,NBG_1842,1841.0,Enon,Stolz_XX,V
826,NBG_1842,1841.0,Enon,Stolz_XY,V
827,NBG_1842,1841.0,Enon,Hofmann_XX,W
828,NBG_1842,1841.0,Enon,Halter_XX,W
829,NBG_1842,1841.0,Elim,Genth_XX,V
830,NBG_1842,1841.0,Elim,Genth_XY,V
831,NBG_1842,1841.0,Elim,Luttringshauser_XX,V
832,NBG_1842,1841.0,Elim,Luttringshauser_XY,V
833,NBG_1842,1841.0,Elim,Meyer_H_XX,V
834,NBG_1842,1841.0,Elim,Meyer_H_XY,V
835,NBG_1842,1841.0,Silo,Bonatz_XX,V
836,NBG_1842,1841.0,Silo,Bonatz_XY,V
837,NBG_1842,1841.0,Silo,Kschieschang_XX,V
838,NBG_1842,1841.0,Silo,Kschieschang_XY,V
839,NBG_1842,1841.0,Silo,Küster_T_XY,L
840,NBG_1842,1841.0,Clarkson,Nauhaus_XX,V
841,NBG_1842,1841.0,Clarkson,Nauhaus_XY,V
842,NBG_1842,1841.0,Clarkson,Küster_A_XX,V
843,NBG_1842,1841.0,Clarkson,Küster_A_XY,V
844,,,,,
845,NBG_1843,1842.0,Genadendal,Teutsch_XX,V
846,NBG_1843,1842.0,Genadendal,Teutsch_XY,V
847,NBG_1843,1842.0,Genadendal,Kölbing_XX,V
848,NBG_1843,1842.0,Genadendal,Kölbing_XY,V
849,NBG_1843,1842.0,Genadendal,Sondermann_XX,V
850,NBG_1843,1842.0,Genadendal,Sondermann_XY,V
851,NBG_1843,1842.0,Genadendal,deFries_XX,V
852,NBG_1843,1842.0,Genadendal,deFries_XY,V
853,NBG_1843,1842.0,Genadendal,Brauer_XX,V
854,NBG_1843,1842.0,Genadendal,Brauer_XY,V
855,NBG_1843,1842.0,Genadendal,Gysin_XX,V
856,NBG_1843,1842.0,Genadendal,Gysin_XY,V
857,NBG_1843,1842.0,Genadendal,Heinrich_XX,V
858,NBG_1843,1842.0,Genadendal,Heinrich_XY,V
859,NBG_1843,1842.0,Genadendal,Hallbeck_XX,W
860,NBG_1843,1842.0,Genadendal,Hallbeck_XX,L
861,NBG_1843,1842.0,Mamre,Lehmann_XX,V
862,NBG_1843,1842.0,Mamre,Lehmann_XY,V
863,NBG_1843,1842.0,Mamre,Franke_XX,V
864,NBG_1843,1842.0,Mamre,Franke_XY,V
865,NBG_1843,1842.0,Mamre,Christensen_XX,V
866,NBG_1843,1842.0,Mamre,Christensen_XY,V
867,NBG_1843,1842.0,HemelEnAarde,Fritsch_J_XX,V
868,NBG_1843,1842.0,HemelEnAarde,Fritsch_J_XY,V
869,NBG_1843,1842.0,Enon,Schoppmann_XX,V
870,NBG_1843,1842.0,Enon,Schoppmann_XY,V
871,NBG_1843,1842.0,Enon,Stolz_XX,V
872,NBG_1843,1842.0,Enon,Stolz_XY,V
873,NBG_1843,1842.0,Elim,Genth_XX,V
874,NBG_1843,1842.0,Elim,Genth_XY,V
875,NBG_1843,1842.0,Elim,Luttringshauser_XX,V
876,NBG_1843,1842.0,Elim,Luttringshauser_XY,V
877,NBG_1843,1842.0,Elim,Meyer_H_XX,V
878,NBG_1843,1842.0,Elim,Meyer_H_XY,V
879,NBG_1843,1842.0,Silo,Lemmerz_XX,V
880,NBG_1843,1842.0,Silo,Lemmerz_XY,V
881,NBG_1843,1842.0,Silo,Kschieschang_XX,V
882,NBG_1843,1842.0,Silo,Kschieschang_XY,V
883,NBG_1843,1842.0,Silo,Bonatz_XY,W
884,NBG_1843,1842.0,Clarkson,Nauhaus_XX,V
885,NBG_1843,1842.0,Clarkson,Nauhaus_XY,V
886,NBG_1843,1842.0,Clarkson,Küster_A_XX,V
887,NBG_1843,1842.0,Clarkson,Küster_A_XY,V
