,stationId,year,pop_1,pop_2
0,Neuherrnhut_GRL,1822,,
1,Lichtenfels,1822,,
2,Lichtenau,1822,,
3,Friedrichsthal,1822,,
4,Nain,1822,,
5,Okak,1822,,
6,Hoffenthal,1822,,
7,Hebron,1822,,
8,Neuherrnhut_ST,1822,,
9,Emmaus_SJ,1822,,
10,Friedensthal_SC,1822,,
11,Friedensfeld_SC,1822,,
12,Bethabara,1822,,
13,Paramaribo,1822,,
14,PlantageCH,1822,,
15,Genadendal,1822,1213,1403
16,Mamre,1822,,
17,Elim,1822,,
18,Enon,1822,,
19,Neuherrnhut_GRL,1823,,
20,Lichtenfels,1823,,
21,Lichtenau,1823,,
22,Friedrichsthal,1823,,
23,Nain,1823,,
24,Okak,1823,,
25,Hoffenthal,1823,,
26,Hebron,1823,,
27,Neuherrnhut_ST,1823,,
28,Emmaus_SJ,1823,,
29,Friedensthal_SC,1823,,
30,Friedensfeld_SC,1823,,
31,Bethabara,1823,,
32,Paramaribo,1823,,
33,PlantageCH,1823,,
34,Genadendal,1823,1125,1301
35,Mamre,1823,,
36,Elim,1823,,
37,Enon,1823,,
38,Neuherrnhut_GRL,1824,,
39,Lichtenfels,1824,,
40,Lichtenau,1824,,
41,Friedrichsthal,1824,,
42,Nain,1824,,
43,Okak,1824,,
44,Hoffenthal,1824,,
45,Hebron,1824,,
46,Neuherrnhut_ST,1824,,
47,Emmaus_SJ,1824,,
48,Friedensthal_SC,1824,,
49,Friedensfeld_SC,1824,,
50,Bethabara,1824,,
51,Paramaribo,1824,,
52,PlantageCH,1824,,
53,Genadendal,1824,1108,
54,Mamre,1824,,
55,Elim,1824,,
56,Enon,1824,,
57,Neuherrnhut_GRL,1825,,
58,Lichtenfels,1825,,
59,Lichtenau,1825,,
60,Friedrichsthal,1825,,
61,Nain,1825,,
62,Okak,1825,,
63,Hoffenthal,1825,,
64,Hebron,1825,,
65,Neuherrnhut_ST,1825,,
66,Emmaus_SJ,1825,,
67,Friedensthal_SC,1825,,
68,Friedensfeld_SC,1825,,
69,Bethabara,1825,,
70,Paramaribo,1825,,
71,PlantageCH,1825,,
72,Genadendal,1825,1092,1211
73,Mamre,1825,,
74,Elim,1825,,
75,Enon,1825,,
76,Neuherrnhut_GRL,1826,,
77,Lichtenfels,1826,,
78,Lichtenau,1826,,
79,Friedrichsthal,1826,,
80,Nain,1826,,
81,Okak,1826,,
82,Hoffenthal,1826,,
83,Hebron,1826,,
84,Neuherrnhut_ST,1826,,
85,Emmaus_SJ,1826,,
86,Friedensthal_SC,1826,,
87,Friedensfeld_SC,1826,,
88,Bethabara,1826,,
89,Paramaribo,1826,,
90,PlantageCH,1826,,
91,Genadendal,1826,1099,1186
92,Mamre,1826,,
93,Elim,1826,,
94,Enon,1826,,
95,Neuherrnhut_GRL,1827,,
96,Lichtenfels,1827,,
97,Lichtenau,1827,,
98,Friedrichsthal,1827,,
99,Nain,1827,,
100,Okak,1827,,
101,Hoffenthal,1827,,
102,Hebron,1827,,
103,Neuherrnhut_ST,1827,,
104,Emmaus_SJ,1827,,
105,Friedensthal_SC,1827,,
106,Friedensfeld_SC,1827,,
107,Bethabara,1827,,
108,Paramaribo,1827,,
109,PlantageCH,1827,,
110,Genadendal,1827,1129,1213
111,Mamre,1827,,
112,Elim,1827,,
113,Enon,1827,,
114,Neuherrnhut_GRL,1828,,
115,Lichtenfels,1828,,
116,Lichtenau,1828,,
117,Friedrichsthal,1828,,
118,Nain,1828,,
119,Okak,1828,,
120,Hoffenthal,1828,,
121,Hebron,1828,,
122,Neuherrnhut_ST,1828,,
123,Emmaus_SJ,1828,,
124,Friedensthal_SC,1828,,
125,Friedensfeld_SC,1828,,
126,Bethabara,1828,,
127,Paramaribo,1828,,
128,PlantageCH,1828,,
129,Genadendal,1828,1161,1266
130,Mamre,1828,,
131,Elim,1828,,
132,Enon,1828,,
133,Neuherrnhut_GRL,1829,,
134,Lichtenfels,1829,,
135,Lichtenau,1829,,
136,Friedrichsthal,1829,,
137,Nain,1829,,
138,Okak,1829,,
139,Hoffenthal,1829,,
140,Hebron,1829,,
141,Neuherrnhut_ST,1829,,
142,Emmaus_SJ,1829,,
143,Friedensthal_SC,1829,,
144,Friedensfeld_SC,1829,,
145,Bethabara,1829,,
146,Paramaribo,1829,,
147,PlantageCH,1829,,
148,Genadendal,1829,1207,1322
149,Mamre,1829,,
150,Elim,1829,,
151,Enon,1829,,
152,Neuherrnhut_GRL,1830,,
153,Lichtenfels,1830,,
154,Lichtenau,1830,,
155,Friedrichsthal,1830,,
156,Nain,1830,,
157,Okak,1830,,
158,Hoffenthal,1830,,
159,Hebron,1830,,
160,Neuherrnhut_ST,1830,,
161,Emmaus_SJ,1830,,
162,Friedensthal_SC,1830,,
163,Friedensfeld_SC,1830,,
164,Bethabara,1830,,
165,Paramaribo,1830,,
166,PlantageCH,1830,,
167,Genadendal,1830,1200,1327
168,Mamre,1830,,
169,Elim,1830,,
170,Enon,1830,,
171,Neuherrnhut_GRL,1831,,
172,Lichtenfels,1831,,
173,Lichtenau,1831,,
174,Friedrichsthal,1831,,
175,Nain,1831,,
176,Okak,1831,,
177,Hoffenthal,1831,,
178,Hebron,1831,,
179,Neuherrnhut_ST,1831,,
180,Emmaus_SJ,1831,,
181,Friedensthal_SC,1831,,
182,Friedensfeld_SC,1831,,
183,Bethabara,1831,,
184,Paramaribo,1831,,
185,PlantageCH,1831,,
186,Genadendal,1831,1206,1319
187,Mamre,1831,,
188,Elim,1831,,
189,Enon,1831,,
190,Neuherrnhut_GRL,1832,,
191,Lichtenfels,1832,,
192,Lichtenau,1832,,
193,Friedrichsthal,1832,,
194,Nain,1832,,
195,Okak,1832,,
196,Hoffenthal,1832,,
197,Hebron,1832,,
198,Neuherrnhut_ST,1832,,
199,Emmaus_SJ,1832,,
200,Friedensthal_SC,1832,,
201,Friedensfeld_SC,1832,,
202,Bethabara,1832,,
203,Paramaribo,1832,,
204,PlantageCH,1832,,
205,Genadendal,1832,1220,1327
206,Mamre,1832,,
207,Elim,1832,,
208,Enon,1832,,
209,Neuherrnhut_GRL,1833,,
210,Lichtenfels,1833,,
211,Lichtenau,1833,,
212,Friedrichsthal,1833,,
213,Nain,1833,,
214,Okak,1833,,
215,Hoffenthal,1833,,
216,Hebron,1833,,
217,Neuherrnhut_ST,1833,,
218,Emmaus_SJ,1833,,
219,Friedensthal_SC,1833,,
220,Friedensfeld_SC,1833,,
221,Bethabara,1833,,
222,Paramaribo,1833,,
223,PlantageCH,1833,,
224,Genadendal,1833,1231,1340
225,Mamre,1833,,
226,Elim,1833,,
227,Enon,1833,,
228,Neuherrnhut_GRL,1834,,
229,Lichtenfels,1834,,
230,Lichtenau,1834,,
231,Friedrichsthal,1834,,
232,Nain,1834,,
233,Okak,1834,,
234,Hoffenthal,1834,,
235,Hebron,1834,,
236,Neuherrnhut_ST,1834,,
237,Emmaus_SJ,1834,,
238,Friedensthal_SC,1834,,
239,Friedensfeld_SC,1834,,
240,Bethabara,1834,,
241,Paramaribo,1834,,
242,PlantageCH,1834,,
243,Genadendal,1834,,1383
244,Mamre,1834,,
245,Elim,1834,,
246,Enon,1834,,
247,Neuherrnhut_GRL,1835,,
248,Lichtenfels,1835,,
249,Lichtenau,1835,,
250,Friedrichsthal,1835,,
251,Nain,1835,,
252,Okak,1835,,
253,Hoffenthal,1835,,
254,Hebron,1835,,
255,Neuherrnhut_ST,1835,,
256,Emmaus_SJ,1835,,
257,Friedensthal_SC,1835,,
258,Friedensfeld_SC,1835,,
259,Bethabara,1835,,
260,Paramaribo,1835,,
261,PlantageCH,1835,,
262,Genadendal,1835,1236,1406
263,Mamre,1835,,
264,Elim,1835,,
265,Enon,1835,,
266,Neuherrnhut_GRL,1836,,
267,Lichtenfels,1836,,
268,Lichtenau,1836,,
269,Friedrichsthal,1836,,
270,Nain,1836,,
271,Okak,1836,,
272,Hoffenthal,1836,,
273,Hebron,1836,,
274,Neuherrnhut_ST,1836,,
275,Emmaus_SJ,1836,,
276,Friedensthal_SC,1836,,
277,Friedensfeld_SC,1836,,
278,Bethabara,1836,,
279,Paramaribo,1836,,
280,PlantageCH,1836,,
281,Genadendal,1836,1257,1547
282,Mamre,1836,,
283,Elim,1836,,
284,Enon,1836,,
285,Neuherrnhut_GRL,1837,,
286,Lichtenfels,1837,,
287,Lichtenau,1837,,
288,Friedrichsthal,1837,,
289,Nain,1837,,
290,Okak,1837,,
291,Hoffenthal,1837,,
292,Hebron,1837,,
293,Neuherrnhut_ST,1837,,
294,Emmaus_SJ,1837,,
295,Friedensthal_SC,1837,,
296,Friedensfeld_SC,1837,,
297,Bethabara,1837,,
298,Paramaribo,1837,,
299,PlantageCH,1837,,
300,Genadendal,1837,,1557
301,Mamre,1837,,
302,Elim,1837,,
303,Enon,1837,,
304,Neuherrnhut_GRL,1838,,
305,Lichtenfels,1838,,
306,Lichtenau,1838,,
307,Friedrichsthal,1838,,
308,Nain,1838,,
309,Okak,1838,,
310,Hoffenthal,1838,,
311,Hebron,1838,,
312,Neuherrnhut_ST,1838,,
313,Emmaus_SJ,1838,,
314,Friedensthal_SC,1838,,
315,Friedensfeld_SC,1838,,
316,Bethabara,1838,,
317,Paramaribo,1838,,
318,PlantageCH,1838,,
319,Genadendal,1838,1336,1719
320,Mamre,1838,,
321,Elim,1838,,
322,Enon,1838,,
323,Neuherrnhut_GRL,1839,,
324,Lichtenfels,1839,,
325,Lichtenau,1839,,
326,Friedrichsthal,1839,,
327,Nain,1839,,
328,Okak,1839,,
329,Hoffenthal,1839,,
330,Hebron,1839,,
331,Neuherrnhut_ST,1839,,
332,Emmaus_SJ,1839,,
333,Friedensthal_SC,1839,,
334,Friedensfeld_SC,1839,,
335,Bethabara,1839,,
336,Paramaribo,1839,,
337,PlantageCH,1839,,
338,Genadendal,1839,1303,2013
339,Mamre,1839,,
340,Elim,1839,,
341,Enon,1839,,
342,Neuherrnhut_GRL,1840,,
343,Lichtenfels,1840,,
344,Lichtenau,1840,,
345,Friedrichsthal,1840,,
346,Nain,1840,,
347,Okak,1840,,
348,Hoffenthal,1840,,
349,Hebron,1840,,
350,Neuherrnhut_ST,1840,,
351,Emmaus_SJ,1840,,
352,Friedensthal_SC,1840,,
353,Friedensfeld_SC,1840,,
354,Bethabara,1840,,
355,Paramaribo,1840,,
356,PlantageCH,1840,,
357,Genadendal,1840,,2187
358,Mamre,1840,,
359,Elim,1840,,
360,Enon,1840,,
361,Neuherrnhut_GRL,1841,,
362,Lichtenfels,1841,,
363,Lichtenau,1841,,
364,Friedrichsthal,1841,,
365,Nain,1841,,
366,Okak,1841,,
367,Hoffenthal,1841,,
368,Hebron,1841,,
369,Neuherrnhut_ST,1841,,
370,Emmaus_SJ,1841,,
371,Friedensthal_SC,1841,,
372,Friedensfeld_SC,1841,,
373,Bethabara,1841,,
374,Paramaribo,1841,,
375,PlantageCH,1841,,
376,Genadendal,1841,1605,2359
377,Mamre,1841,,
378,Elim,1841,,
379,Enon,1841,,
380,Neuherrnhut_GRL,1842,,
381,Lichtenfels,1842,,
382,Lichtenau,1842,,
383,Friedrichsthal,1842,,
384,Nain,1842,,
385,Okak,1842,,
386,Hoffenthal,1842,,
387,Hebron,1842,,
388,Neuherrnhut_ST,1842,,
389,Emmaus_SJ,1842,,
390,Friedensthal_SC,1842,,
391,Friedensfeld_SC,1842,,
392,Bethabara,1842,,
393,Paramaribo,1842,,
394,PlantageCH,1842,,
395,Genadendal,1842,1938,2507
396,Mamre,1842,,
397,Elim,1842,,
398,Enon,1842,,
399,Neuherrnhut_GRL,1843,,
400,Lichtenfels,1843,,
401,Lichtenau,1843,,
402,Friedrichsthal,1843,,
403,Nain,1843,,
404,Okak,1843,,
405,Hoffenthal,1843,,
406,Hebron,1843,,
407,Neuherrnhut_ST,1843,,
408,Emmaus_SJ,1843,,
409,Friedensthal_SC,1843,,
410,Friedensfeld_SC,1843,,
411,Bethabara,1843,,
412,Paramaribo,1843,,
413,PlantageCH,1843,,
414,Genadendal,1843,1808,2617
415,Mamre,1843,,
416,Elim,1843,,
417,Enon,1843,,
418,Neuherrnhut_GRL,1844,,
419,Lichtenfels,1844,,
420,Lichtenau,1844,,
421,Friedrichsthal,1844,,
422,Nain,1844,,
423,Okak,1844,,
424,Hoffenthal,1844,,
425,Hebron,1844,,
426,Neuherrnhut_ST,1844,,
427,Emmaus_SJ,1844,,
428,Friedensthal_SC,1844,,
429,Friedensfeld_SC,1844,,
430,Bethabara,1844,,
431,Paramaribo,1844,,
432,PlantageCH,1844,,
433,Genadendal,1844,1897,2644
434,Mamre,1844,,
435,Elim,1844,,
436,Enon,1844,,
437,Neuherrnhut_GRL,1860,214,394
438,Lichtenfels,1860,180,327
439,Lichtenau,1860,216,744
440,Friedrichsthal,1860,202,472
441,Nain,1860,99,283
442,Okak,1860,112,308
443,Hoffenthal,1860,80,253
444,Hebron,1860,64,311
445,Neuherrnhut_ST,1860,254,654
446,Emmaus_SJ,1860,255,817
447,Friedensthal_SC,1860,633,1363
448,Friedensfeld_SC,1860,702,1699
449,Bethabara,1860,326,756
450,Paramaribo,1860,1843,6253
451,PlantageCH,1860,170,7392
452,Genadendal,1860,1103,3459
453,Mamre,1860,353,1272
454,Elim,1860,376,1372
455,Enon,1860,103,367
